{"cameraMode":{"drawMode":0,"name":"Shaded","section":"Shading Mode"},"sceneLighting":true,"audioPlay":false,"sceneViewState":{"showFog":false,"showMaterialUpdate":false,"showSkybox":false,"showFlares":false,"showImageEffects":false,"showParticleSystems":false},"in2DMode":false,"pivot":{"x":0.3480948209762573,"y":2.022322416305542,"z":0.6061151027679443},"rotation":{"x":-0.08743946254253388,"y":-0.16688595712184907,"z":0.014884794130921364,"w":-0.9820155501365662},"size":1.6564760208129883,"orthographic":false}