{"cameraMode":{"drawMode":0,"name":"Shaded","section":"Shading Mode"},"sceneLighting":false,"audioPlay":false,"sceneViewState":{"showFog":true,"showMaterialUpdate":false,"showSkybox":false,"showFlares":true,"showImageEffects":true,"showParticleSystems":true},"in2DMode":false,"pivot":{"x":-0.029108181595802308,"y":0.16996519267559052,"z":0.0957770124077797},"rotation":{"x":-0.23159192502498628,"y":0.6749043464660645,"z":-0.2370780110359192,"w":-0.6592957973480225},"size":0.17318803071975709,"orthographic":false}