{"cameraMode":{"drawMode":0,"name":"Shaded","section":"Shading Mode"},"sceneLighting":true,"audioPlay":false,"sceneViewState":{"showFog":true,"showMaterialUpdate":false,"showSkybox":false,"showFlares":true,"showImageEffects":true,"showParticleSystems":true},"in2DMode":false,"pivot":{"x":0.0,"y":-0.5310001373291016,"z":0.0029997825622558595},"rotation":{"x":0.21596330404281617,"y":-0.03454269468784332,"z":0.007600097917020321,"w":0.9757835268974304},"size":1.664808750152588,"orthographic":false}